Sun Feb 01 2026 - 1:40:02 PM,Demand Value:false
 CMW Set To OFF
Tue Feb 17 2026 - 1:00:02 PM,Demand Value:false
 CMW Set To OFF
Tue Feb 17 2026 - 1:00:02 PM,Demand Value:false
 CMW Set To OFF
Tue Feb 17 2026 - 1:00:03 PM,Demand Value:false
 CMW Set To OFF
Tue Feb 17 2026 - 1:00:03 PM,Demand Value:false
 CMW Set To OFF
Tue Feb 17 2026 - 1:00:04 PM,Demand Value:false
 CMW Set To OFF
Tue Feb 17 2026 - 1:00:04 PM,Demand Value:false
 CMW Set To OFF
Tue Feb 17 2026 - 1:00:05 PM,Demand Value:false
 CMW Set To OFF
Tue Mar 03 2026 - 8:20:02 AM,Demand Value:false
 CMW Set To OFF
Tue Mar 03 2026 - 8:20:03 AM,Demand Value:false
 CMW Set To OFF
Tue Mar 03 2026 - 8:20:03 AM,Demand Value:false
 CMW Set To OFF
Tue Mar 03 2026 - 8:20:03 AM,Demand Value:false
 CMW Set To OFF
Tue Mar 03 2026 - 8:20:04 AM,Demand Value:false
 CMW Set To OFF
Tue Mar 03 2026 - 8:20:04 AM,Demand Value:false
 CMW Set To OFF
Mon Apr 27 2026 - 11:00:03 AM,Demand Value:false
 CMW Set To OFF
Mon Apr 27 2026 - 10:50:02 PM,Demand Value:true
 CMW Set To ON
Mon Apr 27 2026 - 11:00:47 PM,Demand Value:true
 CMW Set To ON
Tue Jun 09 2026 - 3:09:51 PM,Demand Value:false
 CMW Set To OFF
Sun Jun 21 2026 - 9:10:03 AM,Demand Value:false
 CMW Set To OFF
